{
  "questions": [
    {
      "raw_question": "Does the tool handle personal data? ",
      "question_id": 1,
      "answers": [
        {
          "id_answer": 0,
          "text_answer": "No"
        },
        {
          "id_answer": 1,
          "text_answer": "Yes"
        }
      ]
    },
    {
      "raw_question": "Is a Data Processing Agreement/Addendum mentioned?",
      "question_id": 2,
      "answers": [
        {
          "id_answer": 0,
          "text_answer": "No"
        },
        {
          "id_answer": 1,
          "text_answer": "Yes"
        }
      ]
    },
    {
      "raw_question": "Can the data be transferred / accessed outside of the EU?",
      "question_id": 3,
      "answers": [
        {
          "id_answer": 0,
          "text_answer": "No"
        },
        {
          "id_answer": 1,
          "text_answer": "Yes"
        }
      ]
    },
    {
      "raw_question": "If yes, are the recipient countries of personal data clearly mentioned ?",
      "question_id": 4,
      "answers": [
        {
          "id_answer": 0,
          "text_answer": "No"
        },
        {
          "id_answer": 1,
          "text_answer": "Yes"
        }
      ]
    },
    {
      "raw_question": "In which countries outside of the EU the data can be transferred to ? (Country 1)",
      "question_id": 5,
      "answers": [
        {
          "id_answer": null,
          "text_answer": "country_code"
        },
        {
          "id_answer": 0,
          "text_answer": "Not mentionned"
        }
      ]
    },
    {
      "raw_question": "In which countries outside of the EU the data can be transferred to ? (Country 2)",
      "question_id": 6,
      "answers": [
        {
          "id_answer": null,
          "text_answer": "country_code"
        },
        {
          "id_answer": 0,
          "text_answer": "Not mentionned"
        }
      ]
    },
    {
      "raw_question": "In which countries outside of the EU the data can be transferred to ? (Country 3)",
      "question_id": 7,
      "answers": [
        {
          "id_answer": null,
          "text_answer": "country_code"
        },
        {
          "id_answer": 0,
          "text_answer": "Not mentionned"
        }
      ]
    },
    {
      "raw_question": "If the recipient countries is / are outside of the EU, does the legal documents mention Binding Corporate Rules (BCR) or Standard Contractual Clauses (SCC)?  ",
      "question_id": 8,
      "answers": [
        {
          "id_answer": 0,
          "text_answer": "No"
        },
        {
          "id_answer": 1,
          "text_answer": "Yes"
        }
      ]
    },
    {
      "raw_question": "What are the countries of the applicable law of the contract? (Country 1)",
      "question_id": 9,
      "answers": [
        {
          "id_answer": null,
          "text_answer": "country_code"
        },
        {
          "id_answer": 0,
          "text_answer": "Not mentionned"
        }
      ]
    },
    {
      "raw_question": "What are the countries of the applicable law of the contract? (Country 2)",
      "question_id": 10,
      "answers": [
        {
          "id_answer": null,
          "text_answer": "country_code"
        },
        {
          "id_answer": 0,
          "text_answer": "Not mentionned"
        }
      ]
    },
    {
      "raw_question": "What are the countries jurisdiction applicable in the event of a dispute? (Country 1)",
      "question_id": 11,
      "answers": [
        {
          "id_answer": null,
          "text_answer": "country_code"
        },
        {
          "id_answer": 0,
          "text_answer": "Not mentionned"
        }
      ]
    },
    {
      "raw_question": "What are the countries jurisdiction applicable in the event of a dispute? (Country 2)",
      "question_id": 12,
      "answers": [
        {
          "id_answer": null,
          "text_answer": "country_code"
        },
        {
          "id_answer": 0,
          "text_answer": "Not mentionned"
        }
      ]
    },
    {
      "raw_question": "Does the supplier mention an ISO 27001 certification? ",
      "question_id": 13,
      "answers": [
        {
          "id_answer": 0,
          "text_answer": "No"
        },
        {
          "id_answer": 1,
          "text_answer": "Yes"
        }
      ]
    },
    {
      "raw_question": "Is there a cost to using the tool? ",
      "question_id": 14,
      "answers": [
        {
          "id_answer": 0,
          "text_answer": "No"
        },
        {
          "id_answer": 1,
          "text_answer": "Yes"
        }
      ]
    },
    {
      "raw_question": "Can the tool transfer the collected data and/or give access to third parties or subcontractors? ",
      "question_id": 15,
      "answers": [
        {
          "id_answer": 0,
          "text_answer": "No"
        },
        {
          "id_answer": 1,
          "text_answer": "Yes"
        }
      ]
    },
    {
      "raw_question": "If Yes, are the reasons for these transfers and/or access detailed? ",
      "question_id": 16,
      "answers": [
        {
          "id_answer": 0,
          "text_answer": "No"
        },
        {
          "id_answer": 1,
          "text_answer": "Yes"
        }
      ]
    },
    {
      "raw_question": "If Yes, are these third parties/ sub-contractors / sub-processors listed? ",
      "question_id": 17,
      "answers": [
        {
          "id_answer": 0,
          "text_answer": "No"
        },
        {
          "id_answer": 1,
          "text_answer": "Yes"
        }
      ]
    },
    {
      "raw_question": "If Yes, what are the location of these third parties/ sub-contractors / sub-processors?  (Country 1)",
      "question_id": 18,
      "answers": [
        {
          "id_answer": null,
          "text_answer": "country_code"
        },
        {
          "id_answer": 0,
          "text_answer": "Not mentionned"
        }
      ]
    },
    {
      "raw_question": "If Yes, what are the location of these third parties/ sub-contractors / sub-processors?  (Country 2)",
      "question_id": 19,
      "answers": [
        {
          "id_answer": null,
          "text_answer": "country_code"
        },
        {
          "id_answer": 0,
          "text_answer": "Not mentionned"
        }
      ]
    },
    {
      "raw_question": "If Yes, what are the location of these third parties/ sub-contractors / sub-processors?  (Country 3)",
      "question_id": 20,
      "answers": [
        {
          "id_answer": null,
          "text_answer": "country_code"
        },
        {
          "id_answer": 0,
          "text_answer": "Not mentionned"
        }
      ]
    },
    {
      "raw_question": "Does the contract includes a right of audit? ",
      "question_id": 21,
      "answers": [
        {
          "id_answer": 0,
          "text_answer": "No"
        },
        {
          "id_answer": 1,
          "text_answer": "Yes"
        }
      ]
    },
    {
      "raw_question": "Is a data retention period defined? ",
      "question_id": 22,
      "answers": [
        {
          "id_answer": 0,
          "text_answer": "No"
        },
        {
          "id_answer": 1,
          "text_answer": "Yes, mentioned only"
        },
        {
          "id_answer": 2,
          "text_answer": "Yes, and precise durations are specified"
        }
      ]
    }
  ]
}